Total_Revenue,Total_Customers,Total_Invoices,Total_Quantity,Avg_MOM_Growth,Avg_WOW_Growth
8911407.904000001,4338,18532,5167812,3.3392307692307694,7.803822161981511
